{
  "type": "minecraft:chest",
  "random_sequence": "repurposed_structures:chests",
  "pools": [
    {
      "rolls": {
        "type": "minecraft:uniform",
        "max": 10.0,
        "min": 5.0
      },
      "bonus_rolls": 0.0,
      "entries": [
        {
          "name": "minecraft:ancient_debris",
          "type": "minecraft:item",
          "weight": 1
        },
        {
          "name": "minecraft:enchanted_golden_apple",
          "type": "minecraft:item",
          "weight": 2,
          "functions": [
            {
              "add": false,
              "count": {
                "type": "minecraft:uniform",
                "max": 2.0,
                "min": 1.0
              },
              "function": "minecraft:set_count"
            }
          ]
        },
        {
          "name": "minecraft:music_disc_otherside",
          "type": "minecraft:item",
          "weight": 2
        },
        {
          "type": "minecraft:item",
          "name": "minecraft:potion",
          "weight": 3,
          "functions": [
            {
              "function": "minecraft:set_nbt",
              "tag": "{Potion:\"minecraft:fire_resistance\"}"
            }
          ]
        },
        {
          "type": "minecraft:item",
          "name": "minecraft:potion",
          "weight": 3,
          "functions": [
            {
              "function": "minecraft:set_nbt",
              "tag": "{Potion:\"minecraft:strong_leaping\"}"
            }
          ]
        },
        {
          "name": "minecraft:disc_fragment_5",
          "type": "minecraft:item",
          "weight": 4,
          "functions": [
            {
              "add": false,
              "count": {
                "type": "minecraft:uniform",
                "max": 3.0,
                "min": 1.0
              },
              "function": "minecraft:set_count"
            }
          ]
        },
        {
          "name": "minecraft:compass",
          "type": "minecraft:item",
          "weight": 4,
          "functions": [
            {
              "add": false,
              "count": 1.0,
              "function": "minecraft:set_count"
            }
          ]
        },
        {
          "name": "minecraft:coal_block",
          "type": "minecraft:item",
          "weight": 4,
          "functions": [
            {
              "add": false,
              "count": {
                "type": "minecraft:uniform",
                "max": 4.0,
                "min": 2.0
              },
              "function": "minecraft:set_count"
            }
          ]
        },
        {
          "name": "minecraft:name_tag",
          "type": "minecraft:item",
          "weight": 4
        },
        {
          "name": "minecraft:netherite_hoe",
          "type": "minecraft:item",
          "weight": 4,
          "functions": [
            {
              "add": false,
              "count": 1.0,
              "function": "minecraft:set_count"
            },
            {
              "add": false,
              "damage": {
                "type": "minecraft:uniform",
                "max": 1.0,
                "min": 0.8
              },
              "function": "minecraft:set_damage"
            },
            {
              "function": "minecraft:enchant_with_levels",
              "levels": {
                "type": "minecraft:uniform",
                "max": 50.0,
                "min": 30.0
              },
              "treasure": true
            }
          ]
        },
        {
          "name": "minecraft:lead",
          "type": "minecraft:item",
          "weight": 4,
          "functions": [
            {
              "add": false,
              "count": 1.0,
              "function": "minecraft:set_count"
            }
          ]
        },
        {
          "name": "minecraft:golden_horse_armor",
          "type": "minecraft:item",
          "weight": 4,
          "functions": [
            {
              "add": false,
              "count": 1.0,
              "function": "minecraft:set_count"
            }
          ]
        },
        {
          "name": "minecraft:saddle",
          "type": "minecraft:item",
          "weight": 4,
          "functions": [
            {
              "add": false,
              "count": 1.0,
              "function": "minecraft:set_count"
            }
          ]
        },
        {
          "name": "minecraft:music_disc_blocks",
          "type": "minecraft:item",
          "weight": 4
        },
        {
          "name": "minecraft:music_disc_pigstep",
          "type": "minecraft:item",
          "weight": 4
        },
        {
          "name": "minecraft:golden_leggings",
          "type": "minecraft:item",
          "weight": 4,
          "functions": [
            {
              "function": "minecraft:enchant_with_levels",
              "levels": {
                "type": "minecraft:uniform",
                "max": 60.0,
                "min": 40.0
              },
              "treasure": true
            }
          ]
        },
        {
          "name": "minecraft:black_candle",
          "type": "minecraft:item",
          "weight": 6,
          "functions": [
            {
              "add": false,
              "count": {
                "type": "minecraft:uniform",
                "max": 4.0,
                "min": 1.0
              },
              "function": "minecraft:set_count"
            }
          ]
        },
        {
          "name": "minecraft:red_candle",
          "type": "minecraft:item",
          "weight": 6,
          "functions": [
            {
              "add": false,
              "count": {
                "type": "minecraft:uniform",
                "max": 4.0,
                "min": 1.0
              },
              "function": "minecraft:set_count"
            }
          ]
        },
        {
          "name": "minecraft:ghast_tear",
          "type": "minecraft:item",
          "weight": 6,
          "functions": [
            {
              "add": false,
              "count": {
                "type": "minecraft:uniform",
                "max": 15.0,
                "min": 1.0
              },
              "function": "minecraft:set_count"
            }
          ]
        },
        {
          "name": "minecraft:experience_bottle",
          "type": "minecraft:item",
          "weight": 6,
          "functions": [
            {
              "add": false,
              "count": {
                "type": "minecraft:uniform",
                "max": 3.0,
                "min": 1.0
              },
              "function": "minecraft:set_count"
            }
          ]
        },
        {
          "name": "minecraft:quartz",
          "type": "minecraft:item",
          "weight": 6,
          "functions": [
            {
              "add": false,
              "count": {
                "type": "minecraft:uniform",
                "max": 15.0,
                "min": 1.0
              },
              "function": "minecraft:set_count"
            }
          ]
        },
        {
          "name": "minecraft:iron_leggings",
          "type": "minecraft:item",
          "weight": 6,
          "functions": [
            {
              "function": "minecraft:enchant_with_levels",
              "levels": {
                "type": "minecraft:uniform",
                "max": 39.0,
                "min": 20.0
              },
              "treasure": true
            }
          ]
        },
        {
          "name": "minecraft:blaze_powder",
          "type": "minecraft:item",
          "weight": 8,
          "functions": [
            {
              "add": false,
              "count": {
                "type": "minecraft:uniform",
                "max": 3.0,
                "min": 1.0
              },
              "function": "minecraft:set_count"
            }
          ]
        },
        {
          "name": "minecraft:book",
          "type": "minecraft:item",
          "weight": 7,
          "functions": [
            {
              "enchantments": [
                "minecraft:fire_aspect",
                "minecraft:flame",
                "minecraft:fire_protection",
                "minecraft:soul_speed",
                "minecraft:unbreaking",
                "minecraft:vanishing_curse"
              ],
              "function": "minecraft:enchant_randomly"
            }
          ]
        },
        {
          "name": "minecraft:potion",
          "type": "minecraft:item",
          "weight": 10,
          "functions": [
            {
              "add": false,
              "count": {
                "type": "minecraft:uniform",
                "max": 3.0,
                "min": 1.0
              },
              "function": "minecraft:set_count"
            },
            {
              "function": "minecraft:set_potion",
              "id": "minecraft:strong_regeneration"
            }
          ]
        },
        {
          "name": "minecraft:book",
          "type": "minecraft:item",
          "weight": 10,
          "functions": [
            {
              "add": false,
              "count": {
                "type": "minecraft:uniform",
                "max": 10.0,
                "min": 3.0
              },
              "function": "minecraft:set_count"
            }
          ]
        },
        {
          "name": "minecraft:bone",
          "type": "minecraft:item",
          "weight": 10,
          "functions": [
            {
              "add": false,
              "count": {
                "type": "minecraft:uniform",
                "max": 15.0,
                "min": 1.0
              },
              "function": "minecraft:set_count"
            }
          ]
        },
        {
          "name": "minecraft:glowstone",
          "type": "minecraft:item",
          "weight": 10,
          "functions": [
            {
              "add": false,
              "count": {
                "type": "minecraft:uniform",
                "max": 3.0,
                "min": 1.0
              },
              "function": "minecraft:set_count"
            }
          ]
        },
        {
          "name": "minecraft:gold_ingot",
          "type": "minecraft:item",
          "weight": 14,
          "functions": [
            {
              "add": false,
              "count": {
                "type": "minecraft:uniform",
                "max": 15.0,
                "min": 6.0
              },
              "function": "minecraft:set_count"
            }
          ]
        },
        {
          "name": "minecraft:book",
          "type": "minecraft:item",
          "weight": 15,
          "functions": [
            {
              "function": "minecraft:enchant_randomly"
            }
          ]
        }
      ]
    },
    {
      "rolls": 1,
      "bonus_rolls": 0.0,
      "entries": [
        {
          "type": "minecraft:empty",
          "weight": 75
        },
        {
          "type": "minecraft:item",
          "name": "minecraft:ward_armor_trim_smithing_template",
          "weight": 4
        },
        {
          "type": "minecraft:item",
          "name": "minecraft:silence_armor_trim_smithing_template"
        }
      ]
    },
    {
      "rolls": 1,
      "entries": [
        {
          "type": "minecraft:loot_table",
          "name": "repurposed_structures:chests/lucky_pool"
        }
      ]
    },
    {
      "rolls": 0,
      "bonus_rolls": 1,
      "entries": [
        {
          "type": "minecraft:empty",
          "weight": 130
        },
        {
          "name": "minecraft:red_banner",
          "type": "minecraft:item",
          "weight": 30,
          "functions": [
            {
              "function":"set_nbt",
              "tag":"{BlockEntityTag:{Patterns:[{Pattern:bri,Color:15},{Pattern:ss,Color:14},{Pattern:gru,Color:15},{Pattern:gru,Color:14},{Pattern:mr,Color:15},{Pattern:br,Color:14},{Pattern:br,Color:15},{Pattern:bl,Color:14},{Pattern:bl,Color:15},{Pattern:bts,Color:14},{Pattern:bts,Color:14},{Pattern:bts,Color:15}]}}"
            }
          ]
        },
        {
          "name": "minecraft:gunpowder",
          "type": "minecraft:item",
          "weight": 3
        }
      ]
    }
  ]
}