{
  "type": "minecraft:chest",
  "random_sequence": "repurposed_structures:chests",
  "pools": [
    {
      "rolls": {
        "min": 4.0,
        "max": 7.0,
        "type": "minecraft:uniform"
      },
      "entries": [
        {
          "name": "minecraft:netherite_scrap",
          "type": "minecraft:item",
          "weight": 50,
          "functions": [
            {
              "function": "minecraft:set_count",
              "count": {
                "min": 1.0,
                "max": 3.0,
                "type": "minecraft:uniform"
              }
            }
          ]
        },
        {
          "name": "minecraft:magma_block",
          "type": "minecraft:item",
          "weight": 20,
          "functions": [
            {
              "function": "minecraft:set_count",
              "count": {
                "min": 5.0,
                "max": 15.0,
                "type": "minecraft:uniform"
              }
            }
          ]
        },
        {
          "name": "minecraft:magma_cream",
          "type": "minecraft:item",
          "weight": 18,
          "functions": [
            {
              "function": "minecraft:set_count",
              "count": {
                "min": 8.0,
                "max": 18.0,
                "type": "minecraft:uniform"
              }
            }
          ]
        },
        {
          "name": "minecraft:blaze_rod",
          "type": "minecraft:item",
          "weight": 18,
          "functions": [
            {
              "function": "minecraft:set_count",
              "count": {
                "min": 4.0,
                "max": 10.0,
                "type": "minecraft:uniform"
              }
            }
          ]
        },
        {
          "name": "minecraft:gold_ingot",
          "type": "minecraft:item",
          "weight": 12,
          "functions": [
            {
              "function": "minecraft:set_count",
              "count": {
                "min": 10.0,
                "max": 20.0,
                "type": "minecraft:uniform"
              }
            }
          ]
        },
        {
          "name": "minecraft:golden_sword",
          "type": "minecraft:item",
          "weight": 12,
          "functions": [
            {
              "function": "minecraft:enchant_with_levels",
              "levels": {
                "min": 35.0,
                "max": 45.0,
                "type": "minecraft:uniform"
              },
              "treasure": true
            }
          ]
        },
        {
          "name": "minecraft:golden_axe",
          "type": "minecraft:item",
          "weight": 12,
          "functions": [
            {
              "function": "minecraft:enchant_with_levels",
              "levels": {
                "min": 35.0,
                "max": 45.0,
                "type": "minecraft:uniform"
              },
              "treasure": true
            }
          ]
        },
        {
          "name": "minecraft:golden_hoe",
          "type": "minecraft:item",
          "weight": 12,
          "functions": [
            {
              "function": "minecraft:enchant_with_levels",
              "levels": {
                "min": 35.0,
                "max": 45.0,
                "type": "minecraft:uniform"
              },
              "treasure": true
            }
          ]
        },
        {
          "name": "minecraft:golden_shovel",
          "type": "minecraft:item",
          "weight": 12,
          "functions": [
            {
              "function": "minecraft:enchant_with_levels",
              "levels": {
                "min": 35.0,
                "max": 45.0,
                "type": "minecraft:uniform"
              },
              "treasure": true
            }
          ]
        },
        {
          "name": "minecraft:golden_pickaxe",
          "type": "minecraft:item",
          "weight": 12,
          "functions": [
            {
              "function": "minecraft:enchant_with_levels",
              "levels": {
                "min": 35.0,
                "max": 45.0,
                "type": "minecraft:uniform"
              },
              "treasure": true
            }
          ]
        },
        {
          "name": "minecraft:golden_boots",
          "type": "minecraft:item",
          "weight": 12,
          "functions": [
            {
              "function": "minecraft:enchant_with_levels",
              "levels": {
                "min": 35.0,
                "max": 45.0,
                "type": "minecraft:uniform"
              },
              "treasure": true
            }
          ]
        },
        {
          "name": "minecraft:golden_chestplate",
          "type": "minecraft:item",
          "weight": 12,
          "functions": [
            {
              "function": "minecraft:enchant_with_levels",
              "levels": {
                "min": 35.0,
                "max": 45.0,
                "type": "minecraft:uniform"
              },
              "treasure": true
            }
          ]
        },
        {
          "name": "minecraft:golden_helmet",
          "type": "minecraft:item",
          "weight": 12,
          "functions": [
            {
              "function": "minecraft:enchant_with_levels",
              "levels": {
                "min": 35.0,
                "max": 45.0,
                "type": "minecraft:uniform"
              },
              "treasure": true
            }
          ]
        },
        {
          "name": "minecraft:golden_leggings",
          "type": "minecraft:item",
          "weight": 12,
          "functions": [
            {
              "function": "minecraft:enchant_with_levels",
              "levels": {
                "min": 35.0,
                "max": 45.0,
                "type": "minecraft:uniform"
              },
              "treasure": true
            }
          ]
        },
        {
          "name": "minecraft:fire_charge",
          "type": "minecraft:item",
          "weight": 12,
          "functions": [
            {
              "function": "minecraft:set_count",
              "count": {
                "min": 3.0,
                "max": 12.0,
                "type": "minecraft:uniform"
              }
            }
          ]
        },
        {
          "name": "minecraft:flint_and_steel",
          "type": "minecraft:item",
          "weight": 10
        },
        {
          "name": "minecraft:firework_star",
          "type": "minecraft:item",
          "weight": 8,
          "functions": [
            {
              "function": "minecraft:set_count",
              "count": {
                "min": 4.0,
                "max": 12.0,
                "type": "minecraft:uniform"
              }
            },
            {
              "function":"set_nbt",
              "tag":"{Explosion:{Colors:[I;0], FadeColors:[I;12201518], Trail:1b, Flicker:1b, Type:4b}}"
            }
          ]
        },
        {
          "name": "minecraft:firework_star",
          "type": "minecraft:item",
          "weight": 8,
          "functions": [
            {
              "function": "minecraft:set_count",
              "count": {
                "min": 4.0,
                "max": 12.0,
                "type": "minecraft:uniform"
              }
            },
            {
              "function":"set_nbt",
              "tag":"{Explosion:{Colors:[I;12201518], FadeColors:[I;0], Trail:1b, Flicker:1b, Type:4b}}"
            }
          ]
        },
        {
          "name": "minecraft:netherite_ingot",
          "type": "minecraft:item",
          "weight": 5
        },
        {
          "name": "minecraft:gold_block",
          "type": "minecraft:item",
          "weight": 5,
          "functions": [
            {
              "function": "minecraft:set_count",
              "count": {
                "min": 4.0,
                "max": 12.0,
                "type": "minecraft:uniform"
              }
            }
          ]
        },
        {
          "name": "minecraft:golden_horse_armor",
          "type": "minecraft:item",
          "weight": 5
        },
        {
          "name": "minecraft:gold_ingot",
          "type": "minecraft:item",
          "weight": 5,
          "functions": [
            {
              "function": "minecraft:set_count",
              "count": {
                "min": 5.0,
                "max": 20.0,
                "type": "minecraft:uniform"
              }
            }
          ]
        },
        {
          "name": "minecraft:gold_nugget",
          "type": "minecraft:item",
          "weight": 5,
          "functions": [
            {
              "function": "minecraft:set_count",
              "count": {
                "min": 40.0,
                "max": 60.0,
                "type": "minecraft:uniform"
              }
            }
          ]
        },
        {
          "name": "minecraft:enchanted_golden_apple",
          "type": "minecraft:item",
          "weight": 3
        }
      ]
    },
    {
      "rolls": 1,
      "entries": [
        {
          "name": "minecraft:magma_cream",
          "type": "minecraft:item",
          "weight": 3,
          "functions": [
            {
              "function": "minecraft:set_count",
              "count": {
                "min": 3.0,
                "max": 9.0,
                "type": "minecraft:uniform"
              }
            }
          ]
        },
        {
          "name": "minecraft:blaze_rod",
          "type": "minecraft:item",
          "weight": 3,
          "functions": [
            {
              "function": "minecraft:set_count",
              "count": {
                "min": 2.0,
                "max": 6.0,
                "type": "minecraft:uniform"
              }
            }
          ]
        },
        {
          "name": "minecraft:netherite_scrap",
          "type": "minecraft:item",
          "weight": 3,
          "functions": [
            {
              "function": "minecraft:set_count",
              "count": {
                "min": 1.0,
                "max": 3.0,
                "type": "minecraft:uniform"
              }
            }
          ]
        },
        {
          "name": "minecraft:fire_charge",
          "type": "minecraft:item",
          "weight": 2,
          "functions": [
            {
              "function": "minecraft:set_count",
              "count": {
                "min": 5.0,
                "max": 10.0,
                "type": "minecraft:uniform"
              }
            }
          ]
        },
        {
          "name": "minecraft:netherite_ingot",
          "type": "minecraft:item",
          "weight": 1
        },
        {
          "name": "minecraft:map",
          "type": "minecraft:item",
          "weight": 1,
          "functions": [
            {
              "function": "minecraft:exploration_map",
              "destination": "repurposed_structures:explorer_maps/bastion_remnant",
              "decoration": "banner_black",
              "zoom": 2,
              "skip_existing_chunks": false
            },
            {
              "function": "minecraft:set_name",
              "name": {
                "translate": "Bastion Remnant Map"
              }
            }
          ]
        }
      ]
    },
    {
      "rolls": 1,
      "bonus_rolls": 0.0,
      "entries": [
        {
          "type": "minecraft:empty",
          "weight": 14
        },
        {
          "type": "minecraft:item",
          "name": "minecraft:spire_armor_trim_smithing_template"
        }
      ]
    },
    {
      "rolls": 1,
      "entries": [
        {
          "type": "minecraft:loot_table",
          "name": "repurposed_structures:chests/lucky_pool"
        }
      ]
    },
    {
      "rolls": 0,
      "bonus_rolls": 1,
      "entries": [
        {
          "type": "minecraft:empty",
          "weight": 130
        },
        {
          "name": "minecraft:black_banner",
          "type": "minecraft:item",
          "weight": 30,
          "functions": [
            {
              "function":"set_nbt",
              "tag":"{BlockEntityTag:{Patterns:[{Pattern:ss,Color:4},{Pattern:gra,Color:14},{Pattern:gra,Color:4},{Pattern:cbo,Color:15},{Pattern:glb,Color:4},{Pattern:flo,Color:1},{Pattern:flo,Color:15},{Pattern:mr,Color:15},{Pattern:tt,Color:15},{Pattern:sku,Color:14},{Pattern:sku,Color:4},{Pattern:cre,Color:15}]}}"
            }
          ]
        },
        {
          "name": "minecraft:firework_star",
          "type": "minecraft:item",
          "weight": 10,
          "functions": [
            {
              "function":"set_nbt",
              "tag":"{Explosion:{Colors:[I;0], FadeColors:[I;12201518], Trail:1b, Flicker:1b, Type:4b}}"
            }
          ]
        },
        {
          "name": "minecraft:firework_star",
          "type": "minecraft:item",
          "weight": 10,
          "functions": [
            {
              "function":"set_nbt",
              "tag":"{Explosion:{Colors:[I;12201518], FadeColors:[I;0], Trail:1b, Flicker:1b, Type:4b}}"
            }
          ]
        }
      ]
    }
  ]
}