{
  "type": "minecraft:archaeology",
  "random_sequence": "repurposed_structures:archaeology",
  "pools": [
    {
      "rolls": 1,
      "bonus_rolls": 0.0,
      "entries": [
        {
          "name": "minecraft:tide_armor_trim_smithing_template",
          "type": "minecraft:item",
          "weight": 1
        },
        {
          "name": "minecraft:angler_pottery_sherd",
          "type": "minecraft:item",
          "weight": 1
        },
        {
          "name": "minecraft:brewer_pottery_sherd",
          "type": "minecraft:item",
          "weight": 1
        },
        {
          "name": "minecraft:plenty_pottery_sherd",
          "type": "minecraft:item",
          "weight": 1
        },
        {
          "name": "minecraft:skull_pottery_sherd",
          "type": "minecraft:item",
          "weight": 4
        },
        {
          "name": "minecraft:potion",
          "type": "minecraft:item",
          "weight": 6,
          "functions": [
            {
              "function": "minecraft:set_potion",
              "id": "minecraft:water"
            }
          ]
        },
        {
          "name": "minecraft:bone",
          "type": "minecraft:item",
          "weight": 6
        },
        {
          "name": "minecraft:leather",
          "type": "minecraft:item",
          "weight": 6
        },
        {
          "name": "minecraft:candle",
          "type": "minecraft:item",
          "weight": 4
        },
        {
          "name": "minecraft:skeleton_skull",
          "type": "minecraft:item",
          "weight": 4
        },
        {
          "name": "minecraft:emerald",
          "type": "minecraft:item",
          "weight": 4
        },
        {
          "name": "minecraft:gunpowder",
          "type": "minecraft:item",
          "weight": 2
        },
        {
          "name": "minecraft:raw_iron",
          "type": "minecraft:item",
          "weight": 2
        },
        {
          "name": "minecraft:iron_nugget",
          "type": "minecraft:item",
          "weight": 2
        },
        {
          "name": "minecraft:diamond",
          "type": "minecraft:item",
          "weight": 2
        }
      ]
    }
  ]
}