{
  "parent": "repurposed_structures:root",
  "display": {
    "icon": {
      "item": "minecraft:mossy_stone_bricks"
    },
    "title": {
      "translate": "Decaying Glory"
    },
    "description": {
      "translate": "Enter a Jungle Fortress"
    },
    "show_toast": true,
    "announce_to_chat": true,
    "hidden": false
  },
  "rewards": {
    "experience": 100
  },
  "criteria": {
    "in_jungle_fortress": {
      "trigger": "minecraft:location",
      "conditions": {
        "player": [
          {
            "condition": "minecraft:entity_properties",
            "entity": "this",
            "predicate": {
              "location": {
                "structure": "repurposed_structures:fortress_jungle"
              }
            }
          }
        ]
      }
    }
  },
  "requirements": [
    [
      "in_jungle_fortress"
    ]
  ]
}