{
  "type": "minecraft:chest",
  "random_sequence": "repurposed_structures:chests",
  "pools": [
    {
      "rolls": 3,
      "entries": [
        {
          "type": "minecraft:empty",
          "weight": 1000
        },
        {
          "name": "minecraft:carrot",
          "type": "minecraft:item",
          "weight": 60
        },
        {
          "name": "minecraft:string",
          "type": "minecraft:item",
          "weight": 60
        },
        {
          "name": "minecraft:rabbit_hide",
          "type": "minecraft:item",
          "weight": 60
        },
        {
          "name": "minecraft:wheat",
          "type": "minecraft:item",
          "weight": 60
        },
        {
          "name": "minecraft:bread",
          "type": "minecraft:item",
          "weight": 60
        },
        {
          "name": "minecraft:melon_seeds",
          "type": "minecraft:item",
          "weight": 60
        },
        {
          "name": "minecraft:pumpkin_seeds",
          "type": "minecraft:item",
          "weight": 60
        },
        {
          "name": "minecraft:apple",
          "type": "minecraft:item",
          "weight": 60
        },
        {
          "name": "minecraft:gunpowder",
          "type": "minecraft:item",
          "weight": 30
        },
        {
          "name": "minecraft:redstone",
          "type": "minecraft:item",
          "weight": 30
        },
        {
          "name": "minecraft:coal",
          "type": "minecraft:item",
          "weight": 30
        },
        {
          "name": "minecraft:bone",
          "type": "minecraft:item",
          "weight": 30
        },
        {
          "name": "minecraft:golden_apple",
          "type": "minecraft:item",
          "weight": 4
        },
        {
          "name": "minecraft:enchanted_golden_apple",
          "type": "minecraft:item",
          "weight": 1
        }
      ]
    },
    {
      "rolls": 1,
      "entries": [
        {
          "type": "minecraft:loot_table",
          "name": "repurposed_structures:chests/lucky_pool"
        }
      ]
    },
    {
      "rolls": 0,
      "bonus_rolls": 1,
      "entries": [
        {
          "type": "minecraft:empty",
          "weight": 800
        },
        {
          "name": "minecraft:black_banner",
          "type": "minecraft:item",
          "weight": 30,
          "functions": [
            {
              "function":"set_nbt",
              "tag":"{BlockEntityTag:{Patterns:[{Pattern:bt,Color:5},{Pattern:sku,Color:0},{Pattern:sku,Color:12},{Pattern:sku,Color:15},{Pattern:bs,Color:15},{Pattern:ls,Color:15},{Pattern:rs,Color:15},{Pattern:bo,Color:8},{Pattern:tts,Color:5},{Pattern:tts,Color:15},{Pattern:bts,Color:5},{Pattern:bts,Color:15}]}}"
            }
          ]
        },
        {
          "name": "minecraft:emerald",
          "type": "minecraft:item",
          "weight": 10,
          "functions": [
            {
              "function": "minecraft:set_count",
              "count": 2
            }
          ]
        }
      ]
    }
  ]
}