{
  "replace": false,
  "values": [
    "minecraft:plains",
    "minecraft:sunflower_plains",
    {
      "id": "terralith:brushland",
      "required": false
    },
    {
      "id": "projectvibrantjourneys:prairie",
      "required": false
    },
    {
      "id": "#c:plains",
      "required": false
    },
    {
      "id": "regions_unexplored:lupine_plains",
      "required": false
    },
    {
      "id": "regions_unexplored:clover_plains",
      "required": false
    },
    {
      "id": "regions_unexplored:prairie",
      "required": false
    },
    {
      "id": "regions_unexplored:grassland",
      "required": false
    },
    {
      "id": "regions_unexplored:barley_fields",
      "required": false
    },
    {
      "id": "regions_unexplored:poppy_fields",
      "required": false
    },
    {
      "id": "regions_unexplored:shrubland",
      "required": false
    },
    {
      "id": "regions_unexplored:lush_hills",
      "required": false
    }
  ]
}