{
  "replace": false,
  "values": [
    "minecraft:forest",
    {
      "id": "byg:red_oak_forest",
      "required": false
    },
    {
      "id": "byg:temperate_rainforest",
      "required": false
    },
    {
      "id": "byg:orchard",
      "required": false
    },
    {
      "id": "byg:autumnal_forest",
      "required": false
    },
    {
      "id": "byg:cherry_blossom_forest",
      "required": false
    },
    {
      "id": "biomesoplenty:cherry_blossom_grove",
      "required": false
    },
    {
      "id": "biomesoplenty:orchard",
      "required": false
    },
    {
      "id": "biomesoplenty:seasonal_forest",
      "required": false
    },
    {
      "id": "biomesoplenty:woodland",
      "required": false
    },
    {
      "id": "biomesoplenty:old_growth_woodland",
      "required": false
    },
    {
      "id": "magicalforest:magical_forest",
      "required": false
    },
    {
      "id": "regions_unexplored:maple_forest",
      "required": false
    },
    {
      "id": "regions_unexplored:autumnal_maple_forest",
      "required": false
    },
    {
      "id": "regions_unexplored:deciduous_forest",
      "required": false
    },
    {
      "id": "regions_unexplored:orchard",
      "required": false
    },
    {
      "id": "wythers:ancient_copper_beech_forest",
      "required": false
    },
    {
      "id": "wythers:ancient_emerald_beech_forest",
      "required": false
    },
    {
      "id": "wythers:ancient_golden_beech_forest",
      "required": false
    },
    {
      "id": "wythers:autumnal_forest",
      "required": false
    },
    {
      "id": "wythers:cool_forest",
      "required": false
    },
    {
      "id": "wythers:flowering_pantanal",
      "required": false
    },
    {
      "id": "wythers:spring_flower_forest",
      "required": false
    },
    {
      "id": "wythers:autumnal_flower_forest",
      "required": false
    },
    {
      "id": "wythers:sakura_forest",
      "required": false
    },
    {
      "id": "wythers:wistman_woods",
      "required": false
    }
  ]
}